JAMES,3.318,male_first,JAMES,JAMES,JAMES
JOHN,3.271,male_first,JOHN,JOHN,JOHN
ROBERT,3.143,male_first,ROBERT,ROBERT,ROBERT
MICHAEL,2.629,male_first,MICHAEL,MICHAEL,MICHAEL
WILLIAM,2.451,male_first,WILLIAM,WILLIAM,WILLIAM
DAVID,2.363,male_first,DAVID,DAVID,DAVID
RICHARD,1.703,male_first,RICHARD,RICHARD,RICHARD
CHARLES,1.523,male_first,CHARLES,CHARLES,CHARLES
JOSEPH,1.404,male_first,JOSEPH,JOSEPH,JOSEPH
THOMAS,1.38,male_first,THOMAS,THOMAS,THOMAS
CHRISTOPHER,1.035,male_first,CHRISTOPHER,CHRISTOPHER,CHRISTOPHER
DANIEL,0.974,male_first,DANIEL,DANIEL,DANIEL
PAUL,0.948,male_first,PAUL,PAUL,PAUL
MARK,0.938,male_first,MARK,MARK,MARK
DONALD,0.931,male_first,DONALD,DONALD,DONALD
GEORGE,0.927,male_first,GEORGE,GEORGE,GEORGE
KENNETH,0.826,male_first,KENNETH,KENNETH,KENNETH
STEVEN,0.78,male_first,STEVEN,STEVEN,STEVEN
EDWARD,0.779,male_first,EDWARD,EDWARD,EDWARD
BRIAN,0.736,male_first,BRIAN,BRIAN,BRIAN
RONALD,0.725,male_first,RONALD,RONALD,RONALD
ANTHONY,0.721,male_first,ANTHONY,ANTHONY,ANTHONY
KEVIN,0.671,male_first,KEVIN,KEVIN,KEVIN
JASON,0.66,male_first,JASON,JASON,JASON
MATTHEW,0.657,male_first,MATTHEW,MATTHEW,MATTHEW
GARY,0.65,male_first,GARY,GARY,GARY
TIMOTHY,0.64,male_first,TIMOTHY,TIMOTHY,TIMOTHY
JOSE,0.613,male_first,JOSE,JOSE,JOSE
LARRY,0.598,male_first,LARRY,LARRY,LARRY
JEFFREY,0.591,male_first,JEFFREY,JEFFREY,JEFFREY
FRANK,0.581,male_first,FRANK,FRANK,FRANK
SCOTT,0.546,male_first,SCOTT,SCOTT,SCOTT
ERIC,0.544,male_first,ERIC,ERIC,ERIC
STEPHEN,0.54,male_first,STEPHEN,STEPHEN,STEPHEN
ANDREW,0.537,male_first,ANDREW,ANDREW,ANDREW
RAYMOND,0.488,male_first,RAYMOND,RAYMOND,RAYMOND
GREGORY,0.441,male_first,GREGORY,GREGORY,GREGORY
JOSHUA,0.435,male_first,JOSHUA,JOSHUA,JOSHUA
JERRY,0.432,male_first,JERRY,JERRY,JERRY
DENNIS,0.415,male_first,DENNIS,DENNIS,DENNIS
WALTER,0.399,male_first,WALTER,WALTER,WALTER
PATRICK,0.389,male_first,PATRICK,PATRICK,PATRICK
PETER,0.381,male_first,PETER,PETER,PETER
HAROLD,0.371,male_first,HAROLD,HAROLD,HAROLD
DOUGLAS,0.367,male_first,DOUGLAS,DOUGLAS,DOUGLAS
HENRY,0.365,male_first,HENRY,HENRY,HENRY
CARL,0.346,male_first,CARL,CARL,CARL
ARTHUR,0.335,male_first,ARTHUR,ARTHUR,ARTHUR
RYAN,0.328,male_first,RYAN,RYAN,RYAN
ROGER,0.322,male_first,ROGER,ROGER,ROGER
JOE,0.321,male_first,JOE,JOE,JOE
JUAN,0.316,male_first,JUAN,JUAN,JUAN
JACK,0.315,male_first,JACK,JACK,JACK
ALBERT,0.314,male_first,ALBERT,ALBERT,ALBERT
JONATHAN,0.313,male_first,JONATHAN,JONATHAN,JONATHAN
JUSTIN,0.311,male_first,JUSTIN,JUSTIN,JUSTIN
TERRY,0.311,male_first,TERRY,TERRY,TERRY
GERALD,0.309,male_first,GERALD,GERALD,GERALD
KEITH,0.308,male_first,KEITH,KEITH,KEITH
SAMUEL,0.306,male_first,SAMUEL,SAMUEL,SAMUEL
WILLIE,0.302,male_first,WILLIE,WILLIE,WILLIE
RALPH,0.282,male_first,RALPH,RALPH,RALPH
LAWRENCE,0.282,male_first,LAWRENCE,LAWRENCE,LAWRENCE
NICHOLAS,0.275,male_first,NICHOLAS,NICHOLAS,NICHOLAS
ROY,0.273,male_first,ROY,ROY,ROY
BENJAMIN,0.27,male_first,BENJAMIN,BENJAMIN,BENJAMIN
BRUCE,0.263,male_first,BRUCE,BRUCE,BRUCE
BRANDON,0.26,male_first,BRANDON,BRANDON,BRANDON
ADAM,0.259,male_first,ADAM,ADAM,ADAM
HARRY,0.251,male_first,HARRY,HARRY,HARRY
FRED,0.251,male_first,FRED,FRED,FRED
WAYNE,0.249,male_first,WAYNE,WAYNE,WAYNE
BILLY,0.248,male_first,BILLY,BILLY,BILLY
STEVE,0.246,male_first,STEVE,STEVE,STEVE
LOUIS,0.243,male_first,LOUIS,LOUIS,LOUIS
JEREMY,0.242,male_first,JEREMY,JEREMY,JEREMY
AARON,0.24,male_first,AARON,AARON,AARON
RANDY,0.232,male_first,RANDY,RANDY,RANDY
HOWARD,0.23,male_first,HOWARD,HOWARD,HOWARD
EUGENE,0.23,male_first,EUGENE,EUGENE,EUGENE
CARLOS,0.229,male_first,CARLOS,CARLOS,CARLOS
RUSSELL,0.224,male_first,RUSSELL,RUSSELL,RUSSELL
BOBBY,0.223,male_first,BOBBY,BOBBY,BOBBY
VICTOR,0.222,male_first,VICTOR,VICTOR,VICTOR
MARTIN,0.216,male_first,MARTIN,MARTIN,MARTIN
ERNEST,0.215,male_first,ERNEST,ERNEST,ERNEST
PHILLIP,0.213,male_first,PHILLIP,PHILLIP,PHILLIP
TODD,0.213,male_first,TODD,TODD,TODD
JESSE,0.209,male_first,JESSE,JESSE,JESSE
CRAIG,0.206,male_first,CRAIG,CRAIG,CRAIG
ALAN,0.204,male_first,ALAN,ALAN,ALAN
SHAWN,0.2,male_first,SHAWN,SHAWN,SHAWN
CLARENCE,0.197,male_first,CLARENCE,CLARENCE,CLARENCE
SEAN,0.197,male_first,SEAN,SEAN,SEAN
PHILIP,0.197,male_first,PHILIP,PHILIP,PHILIP
CHRIS,0.197,male_first,CHRIS,CHRIS,CHRIS
JOHNNY,0.195,male_first,JOHNNY,JOHNNY,JOHNNY
EARL,0.193,male_first,EARL,EARL,EARL
JIMMY,0.191,male_first,JIMMY,JIMMY,JIMMY
ANTONIO,0.19,male_first,ANTONIO,ANTONIO,ANTONIO
DANNY,0.19,male_first,DANNY,DANNY,DANNY
BRYAN,0.19,male_first,BRYAN,BRYAN,BRYAN
TONY,0.19,male_first,TONY,TONY,TONY
LUIS,0.189,male_first,LUIS,LUIS,LUIS
MIKE,0.189,male_first,MIKE,MIKE,MIKE
STANLEY,0.186,male_first,STANLEY,STANLEY,STANLEY
LEONARD,0.186,male_first,LEONARD,LEONARD,LEONARD
NATHAN,0.185,male_first,NATHAN,NATHAN,NATHAN
DALE,0.184,male_first,DALE,DALE,DALE
MANUEL,0.181,male_first,MANUEL,MANUEL,MANUEL
RODNEY,0.18,male_first,RODNEY,RODNEY,RODNEY
CURTIS,0.18,male_first,CURTIS,CURTIS,CURTIS
NORMAN,0.177,male_first,NORMAN,NORMAN,NORMAN
ALLEN,0.174,male_first,ALLEN,ALLEN,ALLEN
MARVIN,0.171,male_first,MARVIN,MARVIN,MARVIN
VINCENT,0.168,male_first,VINCENT,VINCENT,VINCENT
GLENN,0.167,male_first,GLENN,GLENN,GLENN
JEFFERY,0.166,male_first,JEFFERY,JEFFERY,JEFFERY
TRAVIS,0.166,male_first,TRAVIS,TRAVIS,TRAVIS
JEFF,0.166,male_first,JEFF,JEFF,JEFF
CHAD,0.165,male_first,CHAD,CHAD,CHAD
JACOB,0.165,male_first,JACOB,JACOB,JACOB
LEE,0.162,male_first,LEE,LEE,LEE
MELVIN,0.162,male_first,MELVIN,MELVIN,MELVIN
ALFRED,0.162,male_first,ALFRED,ALFRED,ALFRED
KYLE,0.16,male_first,KYLE,KYLE,KYLE
FRANCIS,0.16,male_first,FRANCIS,FRANCIS,FRANCIS
BRADLEY,0.159,male_first,BRADLEY,BRADLEY,BRADLEY
JESUS,0.155,male_first,JESUS,JESUS,JESUS
HERBERT,0.155,male_first,HERBERT,HERBERT,HERBERT
FREDERICK,0.154,male_first,FREDERICK,FREDERICK,FREDERICK
RAY,0.153,male_first,RAY,RAY,RAY
JOEL,0.152,male_first,JOEL,JOEL,JOEL
EDWIN,0.148,male_first,EDWIN,EDWIN,EDWIN
DON,0.145,male_first,DON,DON,DON
EDDIE,0.144,male_first,EDDIE,EDDIE,EDDIE
RICKY,0.141,male_first,RICKY,RICKY,RICKY
TROY,0.138,male_first,TROY,TROY,TROY
RANDALL,0.138,male_first,RANDALL,RANDALL,RANDALL
BARRY,0.134,male_first,BARRY,BARRY,BARRY
ALEXANDER,0.132,male_first,ALEXANDER,ALEXANDER,ALEXANDER
BERNARD,0.127,male_first,BERNARD,BERNARD,BERNARD
MARIO,0.125,male_first,MARIO,MARIO,MARIO
LEROY,0.125,male_first,LEROY,LEROY,LEROY
FRANCISCO,0.124,male_first,FRANCISCO,FRANCISCO,FRANCISCO
MARCUS,0.124,male_first,MARCUS,MARCUS,MARCUS
MICHEAL,0.123,male_first,MICHEAL,MICHEAL,MICHEAL
THEODORE,0.123,male_first,THEODORE,THEODORE,THEODORE
CLIFFORD,0.123,male_first,CLIFFORD,CLIFFORD,CLIFFORD
MIGUEL,0.122,male_first,MIGUEL,MIGUEL,MIGUEL
OSCAR,0.122,male_first,OSCAR,OSCAR,OSCAR
JAY,0.118,male_first,JAY,JAY,JAY
JIM,0.118,male_first,JIM,JIM,JIM
TOM,0.117,male_first,TOM,TOM,TOM
CALVIN,0.115,male_first,CALVIN,CALVIN,CALVIN
ALEX,0.115,male_first,ALEX,ALEX,ALEX
JON,0.115,male_first,JON,JON,JON
RONNIE,0.113,male_first,RONNIE,RONNIE,RONNIE
BILL,0.112,male_first,BILL,BILL,BILL
LLOYD,0.112,male_first,LLOYD,LLOYD,LLOYD
TOMMY,0.112,male_first,TOMMY,TOMMY,TOMMY
LEON,0.112,male_first,LEON,LEON,LEON
DEREK,0.112,male_first,DEREK,DEREK,DEREK
WARREN,0.11,male_first,WARREN,WARREN,WARREN
DARRELL,0.108,male_first,DARRELL,DARRELL,DARRELL
JEROME,0.108,male_first,JEROME,JEROME,JEROME
FLOYD,0.107,male_first,FLOYD,FLOYD,FLOYD
LEO,0.106,male_first,LEO,LEO,LEO
ALVIN,0.105,male_first,ALVIN,ALVIN,ALVIN
TIM,0.104,male_first,TIM,TIM,TIM
WESLEY,0.104,male_first,WESLEY,WESLEY,WESLEY
GORDON,0.104,male_first,GORDON,GORDON,GORDON
DEAN,0.104,male_first,DEAN,DEAN,DEAN
GREG,0.104,male_first,GREG,GREG,GREG
JORGE,0.104,male_first,JORGE,JORGE,JORGE
DUSTIN,0.103,male_first,DUSTIN,DUSTIN,DUSTIN
PEDRO,0.103,male_first,PEDRO,PEDRO,PEDRO
DERRICK,0.103,male_first,DERRICK,DERRICK,DERRICK
DAN,0.101,male_first,DAN,DAN,DAN
LEWIS,0.099,male_first,LEWIS,LEWIS,LEWIS
ZACHARY,0.099,male_first,ZACHARY,ZACHARY,ZACHARY
COREY,0.098,male_first,COREY,COREY,COREY
HERMAN,0.097,male_first,HERMAN,HERMAN,HERMAN
MAURICE,0.097,male_first,MAURICE,MAURICE,MAURICE
VERNON,0.097,male_first,VERNON,VERNON,VERNON
ROBERTO,0.097,male_first,ROBERTO,ROBERTO,ROBERTO
CLYDE,0.095,male_first,CLYDE,CLYDE,CLYDE
GLEN,0.094,male_first,GLEN,GLEN,GLEN
HECTOR,0.094,male_first,HECTOR,HECTOR,HECTOR
SHANE,0.093,male_first,SHANE,SHANE,SHANE
RICARDO,0.093,male_first,RICARDO,RICARDO,RICARDO
SAM,0.092,male_first,SAM,SAM,SAM
RICK,0.091,male_first,RICK,RICK,RICK
LESTER,0.091,male_first,LESTER,LESTER,LESTER
BRENT,0.09,male_first,BRENT,BRENT,BRENT
RAMON,0.09,male_first,RAMON,RAMON,RAMON
CHARLIE,0.09,male_first,CHARLIE,CHARLIE,CHARLIE
TYLER,0.089,male_first,TYLER,TYLER,TYLER
GILBERT,0.089,male_first,GILBERT,GILBERT,GILBERT
GENE,0.087,male_first,GENE,GENE,GENE
MARC,0.087,male_first,MARC,MARC,MARC
REGINALD,0.084,male_first,REGINALD,REGINALD,REGINALD
RUBEN,0.082,male_first,RUBEN,RUBEN,RUBEN
BRETT,0.082,male_first,BRETT,BRETT,BRETT
ANGEL,0.082,male_first,ANGEL,ANGEL,ANGEL
NATHANIEL,0.081,male_first,NATHANIEL,NATHANIEL,NATHANIEL
RAFAEL,0.081,male_first,RAFAEL,RAFAEL,RAFAEL
LESLIE,0.081,male_first,LESLIE,LESLIE,LESLIE
EDGAR,0.08,male_first,EDGAR,EDGAR,EDGAR
MILTON,0.08,male_first,MILTON,MILTON,MILTON
RAUL,0.079,male_first,RAUL,RAUL,RAUL
BEN,0.078,male_first,BEN,BEN,BEN
CHESTER,0.078,male_first,CHESTER,CHESTER,CHESTER
CECIL,0.078,male_first,CECIL,CECIL,CECIL
DUANE,0.077,male_first,DUANE,DUANE,DUANE
FRANKLIN,0.077,male_first,FRANKLIN,FRANKLIN,FRANKLIN
ANDRE,0.076,male_first,ANDRE,ANDRE,ANDRE
ELMER,0.074,male_first,ELMER,ELMER,ELMER
BRAD,0.073,male_first,BRAD,BRAD,BRAD
GABRIEL,0.073,male_first,GABRIEL,GABRIEL,GABRIEL
RON,0.072,male_first,RON,RON,RON
MITCHELL,0.072,male_first,MITCHELL,MITCHELL,MITCHELL
ROLAND,0.072,male_first,ROLAND,ROLAND,ROLAND
ARNOLD,0.072,male_first,ARNOLD,ARNOLD,ARNOLD
HARVEY,0.072,male_first,HARVEY,HARVEY,HARVEY
JARED,0.071,male_first,JARED,JARED,JARED
ADRIAN,0.069,male_first,ADRIAN,ADRIAN,ADRIAN
KARL,0.069,male_first,KARL,KARL,KARL
CORY,0.068,male_first,CORY,CORY,CORY
CLAUDE,0.068,male_first,CLAUDE,CLAUDE,CLAUDE
ERIK,0.068,male_first,ERIK,ERIK,ERIK
DARRYL,0.067,male_first,DARRYL,DARRYL,DARRYL
JAMIE,0.066,male_first,JAMIE,JAMIE,JAMIE
NEIL,0.066,male_first,NEIL,NEIL,NEIL
JESSIE,0.065,male_first,JESSIE,JESSIE,JESSIE
CHRISTIAN,0.065,male_first,CHRISTIAN,CHRISTIAN,CHRISTIAN
JAVIER,0.065,male_first,JAVIER,JAVIER,JAVIER
FERNANDO,0.065,male_first,FERNANDO,FERNANDO,FERNANDO
CLINTON,0.065,male_first,CLINTON,CLINTON,CLINTON
TED,0.064,male_first,TED,TED,TED
MATHEW,0.064,male_first,MATHEW,MATHEW,MATHEW
TYRONE,0.064,male_first,TYRONE,TYRONE,TYRONE
DARREN,0.064,male_first,DARREN,DARREN,DARREN
LONNIE,0.064,male_first,LONNIE,LONNIE,LONNIE
LANCE,0.063,male_first,LANCE,LANCE,LANCE
CODY,0.063,male_first,CODY,CODY,CODY
JULIO,0.063,male_first,JULIO,JULIO,JULIO
KELLY,0.063,male_first,KELLY,KELLY,KELLY
KURT,0.062,male_first,KURT,KURT,KURT
ALLAN,0.061,male_first,ALLAN,ALLAN,ALLAN
NELSON,0.061,male_first,NELSON,NELSON,NELSON
GUY,0.06,male_first,GUY,GUY,GUY
CLAYTON,0.06,male_first,CLAYTON,CLAYTON,CLAYTON
HUGH,0.06,male_first,HUGH,HUGH,HUGH
MAX,0.059,male_first,MAX,MAX,MAX
DWAYNE,0.059,male_first,DWAYNE,DWAYNE,DWAYNE
DWIGHT,0.058,male_first,DWIGHT,DWIGHT,DWIGHT
ARMANDO,0.058,male_first,ARMANDO,ARMANDO,ARMANDO
FELIX,0.058,male_first,FELIX,FELIX,FELIX
JIMMIE,0.058,male_first,JIMMIE,JIMMIE,JIMMIE
EVERETT,0.057,male_first,EVERETT,EVERETT,EVERETT
JORDAN,0.056,male_first,JORDAN,JORDAN,JORDAN
IAN,0.056,male_first,IAN,IAN,IAN
WALLACE,0.056,male_first,WALLACE,WALLACE,WALLACE
KEN,0.055,male_first,KEN,KEN,KEN
BOB,0.055,male_first,BOB,BOB,BOB
JAIME,0.055,male_first,JAIME,JAIME,JAIME
CASEY,0.054,male_first,CASEY,CASEY,CASEY
ALFREDO,0.054,male_first,ALFREDO,ALFREDO,ALFREDO
ALBERTO,0.053,male_first,ALBERTO,ALBERTO,ALBERTO
DAVE,0.053,male_first,DAVE,DAVE,DAVE
IVAN,0.053,male_first,IVAN,IVAN,IVAN
JOHNNIE,0.052,male_first,JOHNNIE,JOHNNIE,JOHNNIE
SIDNEY,0.052,male_first,SIDNEY,SIDNEY,SIDNEY
BYRON,0.052,male_first,BYRON,BYRON,BYRON
JULIAN,0.052,male_first,JULIAN,JULIAN,JULIAN
ISAAC,0.051,male_first,ISAAC,ISAAC,ISAAC
MORRIS,0.051,male_first,MORRIS,MORRIS,MORRIS
CLIFTON,0.05,male_first,CLIFTON,CLIFTON,CLIFTON
WILLARD,0.05,male_first,WILLARD,WILLARD,WILLARD
DARYL,0.05,male_first,DARYL,DARYL,DARYL
ROSS,0.05,male_first,ROSS,ROSS,ROSS
VIRGIL,0.049,male_first,VIRGIL,VIRGIL,VIRGIL
ANDY,0.049,male_first,ANDY,ANDY,ANDY
MARSHALL,0.049,male_first,MARSHALL,MARSHALL,MARSHALL
SALVADOR,0.049,male_first,SALVADOR,SALVADOR,SALVADOR
PERRY,0.049,male_first,PERRY,PERRY,PERRY
KIRK,0.049,male_first,KIRK,KIRK,KIRK
SERGIO,0.049,male_first,SERGIO,SERGIO,SERGIO
MARION,0.048,male_first,MARION,MARION,MARION
TRACY,0.048,male_first,TRACY,TRACY,TRACY
SETH,0.048,male_first,SETH,SETH,SETH
KENT,0.048,male_first,KENT,KENT,KENT
TERRANCE,0.048,male_first,TERRANCE,TERRANCE,TERRANCE
RENE,0.048,male_first,RENE,RENE,RENE
EDUARDO,0.047,male_first,EDUARDO,EDUARDO,EDUARDO
TERRENCE,0.047,male_first,TERRENCE,TERRENCE,TERRENCE
ENRIQUE,0.046,male_first,ENRIQUE,ENRIQUE,ENRIQUE
FREDDIE,0.046,male_first,FREDDIE,FREDDIE,FREDDIE
WADE,0.045,male_first,WADE,WADE,WADE
AUSTIN,0.044,male_first,AUSTIN,AUSTIN,AUSTIN
STUART,0.044,male_first,STUART,STUART,STUART
FREDRICK,0.043,male_first,FREDRICK,FREDRICK,FREDRICK
ARTURO,0.043,male_first,ARTURO,ARTURO,ARTURO
ALEJANDRO,0.043,male_first,ALEJANDRO,ALEJANDRO,ALEJANDRO
JACKIE,0.043,male_first,JACKIE,JACKIE,JACKIE
JOEY,0.043,male_first,JOEY,JOEY,JOEY
NICK,0.043,male_first,NICK,NICK,NICK
LUTHER,0.043,male_first,LUTHER,LUTHER,LUTHER
WENDELL,0.042,male_first,WENDELL,WENDELL,WENDELL
JEREMIAH,0.042,male_first,JEREMIAH,JEREMIAH,JEREMIAH
EVAN,0.042,male_first,EVAN,EVAN,EVAN
JULIUS,0.042,male_first,JULIUS,JULIUS,JULIUS
DANA,0.042,male_first,DANA,DANA,DANA
DONNIE,0.041,male_first,DONNIE,DONNIE,DONNIE
OTIS,0.041,male_first,OTIS,OTIS,OTIS
SHANNON,0.04,male_first,SHANNON,SHANNON,SHANNON
TREVOR,0.04,male_first,TREVOR,TREVOR,TREVOR
OLIVER,0.04,male_first,OLIVER,OLIVER,OLIVER
LUKE,0.04,male_first,LUKE,LUKE,LUKE
HOMER,0.04,male_first,HOMER,HOMER,HOMER
GERARD,0.04,male_first,GERARD,GERARD,GERARD
DOUG,0.04,male_first,DOUG,DOUG,DOUG
KENNY,0.039,male_first,KENNY,KENNY,KENNY
HUBERT,0.039,male_first,HUBERT,HUBERT,HUBERT
ANGELO,0.039,male_first,ANGELO,ANGELO,ANGELO
SHAUN,0.039,male_first,SHAUN,SHAUN,SHAUN
LYLE,0.038,male_first,LYLE,LYLE,LYLE
MATT,0.038,male_first,MATT,MATT,MATT
LYNN,0.038,male_first,LYNN,LYNN,LYNN
ALFONSO,0.038,male_first,ALFONSO,ALFONSO,ALFONSO
ORLANDO,0.037,male_first,ORLANDO,ORLANDO,ORLANDO
REX,0.037,male_first,REX,REX,REX
CARLTON,0.037,male_first,CARLTON,CARLTON,CARLTON
ERNESTO,0.037,male_first,ERNESTO,ERNESTO,ERNESTO
CAMERON,0.037,male_first,CAMERON,CAMERON,CAMERON
NEAL,0.037,male_first,NEAL,NEAL,NEAL
PABLO,0.036,male_first,PABLO,PABLO,PABLO
LORENZO,0.036,male_first,LORENZO,LORENZO,LORENZO
OMAR,0.036,male_first,OMAR,OMAR,OMAR
WILBUR,0.036,male_first,WILBUR,WILBUR,WILBUR
BLAKE,0.036,male_first,BLAKE,BLAKE,BLAKE
GRANT,0.036,male_first,GRANT,GRANT,GRANT
HORACE,0.036,male_first,HORACE,HORACE,HORACE
RODERICK,0.036,male_first,RODERICK,RODERICK,RODERICK
KERRY,0.036,male_first,KERRY,KERRY,KERRY
ABRAHAM,0.035,male_first,ABRAHAM,ABRAHAM,ABRAHAM
WILLIS,0.035,male_first,WILLIS,WILLIS,WILLIS
RICKEY,0.035,male_first,RICKEY,RICKEY,RICKEY
JEAN,0.035,male_first,JEAN,JEAN,JEAN
IRA,0.035,male_first,IRA,IRA,IRA
ANDRES,0.034,male_first,ANDRES,ANDRES,ANDRES
CESAR,0.034,male_first,CESAR,CESAR,CESAR
JOHNATHAN,0.034,male_first,JOHNATHAN,JOHNATHAN,JOHNATHAN
MALCOLM,0.034,male_first,MALCOLM,MALCOLM,MALCOLM
RUDOLPH,0.034,male_first,RUDOLPH,RUDOLPH,RUDOLPH
DAMON,0.034,male_first,DAMON,DAMON,DAMON
KELVIN,0.034,male_first,KELVIN,KELVIN,KELVIN
RUDY,0.034,male_first,RUDY,RUDY,RUDY
PRESTON,0.034,male_first,PRESTON,PRESTON,PRESTON
ALTON,0.033,male_first,ALTON,ALTON,ALTON
ARCHIE,0.033,male_first,ARCHIE,ARCHIE,ARCHIE
MARCO,0.033,male_first,MARCO,MARCO,MARCO
WM,0.033,male_first,WM,WM,WM
PETE,0.032,male_first,PETE,PETE,PETE
RANDOLPH,0.032,male_first,RANDOLPH,RANDOLPH,RANDOLPH
GARRY,0.032,male_first,GARRY,GARRY,GARRY
GEOFFREY,0.032,male_first,GEOFFREY,GEOFFREY,GEOFFREY
JONATHON,0.032,male_first,JONATHON,JONATHON,JONATHON
FELIPE,0.032,male_first,FELIPE,FELIPE,FELIPE
BENNIE,0.032,male_first,BENNIE,BENNIE,BENNIE
GERARDO,0.032,male_first,GERARDO,GERARDO,GERARDO
ED,0.032,male_first,ED,ED,ED
DOMINIC,0.032,male_first,DOMINIC,DOMINIC,DOMINIC
ROBIN,0.032,male_first,ROBIN,ROBIN,ROBIN
LOREN,0.032,male_first,LOREN,LOREN,LOREN
DELBERT,0.031,male_first,DELBERT,DELBERT,DELBERT
COLIN,0.031,male_first,COLIN,COLIN,COLIN
GUILLERMO,0.031,male_first,GUILLERMO,GUILLERMO,GUILLERMO
EARNEST,0.031,male_first,EARNEST,EARNEST,EARNEST
LUCAS,0.031,male_first,LUCAS,LUCAS,LUCAS
BENNY,0.03,male_first,BENNY,BENNY,BENNY
NOEL,0.03,male_first,NOEL,NOEL,NOEL
SPENCER,0.03,male_first,SPENCER,SPENCER,SPENCER
RODOLFO,0.03,male_first,RODOLFO,RODOLFO,RODOLFO
MYRON,0.03,male_first,MYRON,MYRON,MYRON
EDMUND,0.03,male_first,EDMUND,EDMUND,EDMUND
GARRETT,0.029,male_first,GARRETT,GARRETT,GARRETT
SALVATORE,0.029,male_first,SALVATORE,SALVATORE,SALVATORE
CEDRIC,0.029,male_first,CEDRIC,CEDRIC,CEDRIC
LOWELL,0.029,male_first,LOWELL,LOWELL,LOWELL
GREGG,0.029,male_first,GREGG,GREGG,GREGG
SHERMAN,0.028,male_first,SHERMAN,SHERMAN,SHERMAN
WILSON,0.028,male_first,WILSON,WILSON,WILSON
DEVIN,0.028,male_first,DEVIN,DEVIN,DEVIN
SYLVESTER,0.028,male_first,SYLVESTER,SYLVESTER,SYLVESTER
KIM,0.028,male_first,KIM,KIM,KIM
ROOSEVELT,0.028,male_first,ROOSEVELT,ROOSEVELT,ROOSEVELT
ISRAEL,0.028,male_first,ISRAEL,ISRAEL,ISRAEL
JERMAINE,0.028,male_first,JERMAINE,JERMAINE,JERMAINE
FORREST,0.027,male_first,FORREST,FORREST,FORREST
WILBERT,0.027,male_first,WILBERT,WILBERT,WILBERT
LELAND,0.027,male_first,LELAND,LELAND,LELAND
SIMON,0.026,male_first,SIMON,SIMON,SIMON
GUADALUPE,0.026,male_first,GUADALUPE,GUADALUPE,GUADALUPE
CLARK,0.026,male_first,CLARK,CLARK,CLARK
IRVING,0.026,male_first,IRVING,IRVING,IRVING
CARROLL,0.026,male_first,CARROLL,CARROLL,CARROLL
BRYANT,0.026,male_first,BRYANT,BRYANT,BRYANT
OWEN,0.026,male_first,OWEN,OWEN,OWEN
RUFUS,0.025,male_first,RUFUS,RUFUS,RUFUS
WOODROW,0.025,male_first,WOODROW,WOODROW,WOODROW
SAMMY,0.025,male_first,SAMMY,SAMMY,SAMMY
KRISTOPHER,0.025,male_first,KRISTOPHER,KRISTOPHER,KRISTOPHER
MACK,0.025,male_first,MACK,MACK,MACK
LEVI,0.025,male_first,LEVI,LEVI,LEVI
MARCOS,0.025,male_first,MARCOS,MARCOS,MARCOS
GUSTAVO,0.025,male_first,GUSTAVO,GUSTAVO,GUSTAVO
JAKE,0.025,male_first,JAKE,JAKE,JAKE
LIONEL,0.024,male_first,LIONEL,LIONEL,LIONEL
MARTY,0.024,male_first,MARTY,MARTY,MARTY
TAYLOR,0.024,male_first,TAYLOR,TAYLOR,TAYLOR
ELLIS,0.024,male_first,ELLIS,ELLIS,ELLIS
DALLAS,0.024,male_first,DALLAS,DALLAS,DALLAS
GILBERTO,0.024,male_first,GILBERTO,GILBERTO,GILBERTO
CLINT,0.024,male_first,CLINT,CLINT,CLINT
NICOLAS,0.024,male_first,NICOLAS,NICOLAS,NICOLAS
LAURENCE,0.024,male_first,LAURENCE,LAURENCE,LAURENCE
ISMAEL,0.024,male_first,ISMAEL,ISMAEL,ISMAEL
ORVILLE,0.024,male_first,ORVILLE,ORVILLE,ORVILLE
DREW,0.024,male_first,DREW,DREW,DREW
JODY,0.024,male_first,JODY,JODY,JODY
ERVIN,0.023,male_first,ERVIN,ERVIN,ERVIN
DEWEY,0.023,male_first,DEWEY,DEWEY,DEWEY
AL,0.023,male_first,AL,AL,AL
WILFRED,0.023,male_first,WILFRED,WILFRED,WILFRED
JOSH,0.023,male_first,JOSH,JOSH,JOSH
HUGO,0.023,male_first,HUGO,HUGO,HUGO
IGNACIO,0.023,male_first,IGNACIO,IGNACIO,IGNACIO
CALEB,0.023,male_first,CALEB,CALEB,CALEB
TOMAS,0.023,male_first,TOMAS,TOMAS,TOMAS
SHELDON,0.023,male_first,SHELDON,SHELDON,SHELDON
ERICK,0.023,male_first,ERICK,ERICK,ERICK
FRANKIE,0.023,male_first,FRANKIE,FRANKIE,FRANKIE
STEWART,0.022,male_first,STEWART,STEWART,STEWART
DOYLE,0.022,male_first,DOYLE,DOYLE,DOYLE
DARREL,0.022,male_first,DARREL,DARREL,DARREL
ROGELIO,0.022,male_first,ROGELIO,ROGELIO,ROGELIO
TERENCE,0.022,male_first,TERENCE,TERENCE,TERENCE
SANTIAGO,0.022,male_first,SANTIAGO,SANTIAGO,SANTIAGO
ALONZO,0.022,male_first,ALONZO,ALONZO,ALONZO
ELIAS,0.022,male_first,ELIAS,ELIAS,ELIAS
BERT,0.022,male_first,BERT,BERT,BERT
ELBERT,0.022,male_first,ELBERT,ELBERT,ELBERT
RAMIRO,0.022,male_first,RAMIRO,RAMIRO,RAMIRO
CONRAD,0.022,male_first,CONRAD,CONRAD,CONRAD
PAT,0.022,male_first,PAT,PAT,PAT
NOAH,0.022,male_first,NOAH,NOAH,NOAH
GRADY,0.021,male_first,GRADY,GRADY,GRADY
PHIL,0.021,male_first,PHIL,PHIL,PHIL
CORNELIUS,0.021,male_first,CORNELIUS,CORNELIUS,CORNELIUS
LAMAR,0.021,male_first,LAMAR,LAMAR,LAMAR
ROLANDO,0.021,male_first,ROLANDO,ROLANDO,ROLANDO
CLAY,0.021,male_first,CLAY,CLAY,CLAY
PERCY,0.021,male_first,PERCY,PERCY,PERCY
DEXTER,0.021,male_first,DEXTER,DEXTER,DEXTER
BRADFORD,0.021,male_first,BRADFORD,BRADFORD,BRADFORD
MERLE,0.021,male_first,MERLE,MERLE,MERLE
DARIN,0.02,male_first,DARIN,DARIN,DARIN
AMOS,0.02,male_first,AMOS,AMOS,AMOS
TERRELL,0.02,male_first,TERRELL,TERRELL,TERRELL
MOSES,0.02,male_first,MOSES,MOSES,MOSES
IRVIN,0.02,male_first,IRVIN,IRVIN,IRVIN
SAUL,0.02,male_first,SAUL,SAUL,SAUL
ROMAN,0.02,male_first,ROMAN,ROMAN,ROMAN
DARNELL,0.02,male_first,DARNELL,DARNELL,DARNELL
RANDAL,0.02,male_first,RANDAL,RANDAL,RANDAL
TOMMIE,0.02,male_first,TOMMIE,TOMMIE,TOMMIE
TIMMY,0.019,male_first,TIMMY,TIMMY,TIMMY
DARRIN,0.019,male_first,DARRIN,DARRIN,DARRIN
WINSTON,0.019,male_first,WINSTON,WINSTON,WINSTON
BRENDAN,0.019,male_first,BRENDAN,BRENDAN,BRENDAN
TOBY,0.019,male_first,TOBY,TOBY,TOBY
VAN,0.019,male_first,VAN,VAN,VAN
ABEL,0.019,male_first,ABEL,ABEL,ABEL
DOMINICK,0.019,male_first,DOMINICK,DOMINICK,DOMINICK
BOYD,0.019,male_first,BOYD,BOYD,BOYD
COURTNEY,0.019,male_first,COURTNEY,COURTNEY,COURTNEY
JAN,0.019,male_first,JAN,JAN,JAN
EMILIO,0.019,male_first,EMILIO,EMILIO,EMILIO
ELIJAH,0.019,male_first,ELIJAH,ELIJAH,ELIJAH
CARY,0.019,male_first,CARY,CARY,CARY
DOMINGO,0.019,male_first,DOMINGO,DOMINGO,DOMINGO
SANTOS,0.019,male_first,SANTOS,SANTOS,SANTOS
AUBREY,0.019,male_first,AUBREY,AUBREY,AUBREY
EMMETT,0.019,male_first,EMMETT,EMMETT,EMMETT
MARLON,0.019,male_first,MARLON,MARLON,MARLON
EMANUEL,0.019,male_first,EMANUEL,EMANUEL,EMANUEL
JERALD,0.019,male_first,JERALD,JERALD,JERALD
EDMOND,0.019,male_first,EDMOND,EDMOND,EDMOND
EMIL,0.019,male_first,EMIL,EMIL,EMIL
DEWAYNE,0.018,male_first,DEWAYNE,DEWAYNE,DEWAYNE
WILL,0.018,male_first,WILL,WILL,WILL
OTTO,0.018,male_first,OTTO,OTTO,OTTO
TEDDY,0.018,male_first,TEDDY,TEDDY,TEDDY
REYNALDO,0.018,male_first,REYNALDO,REYNALDO,REYNALDO
BRET,0.018,male_first,BRET,BRET,BRET
MORGAN,0.018,male_first,MORGAN,MORGAN,MORGAN
JESS,0.018,male_first,JESS,JESS,JESS
TRENT,0.018,male_first,TRENT,TRENT,TRENT
HUMBERTO,0.018,male_first,HUMBERTO,HUMBERTO,HUMBERTO
EMMANUEL,0.018,male_first,EMMANUEL,EMMANUEL,EMMANUEL
STEPHAN,0.018,male_first,STEPHAN,STEPHAN,STEPHAN
LOUIE,0.018,male_first,LOUIE,LOUIE,LOUIE
VICENTE,0.017,male_first,VICENTE,VICENTE,VICENTE
LAMONT,0.017,male_first,LAMONT,LAMONT,LAMONT
STACY,0.017,male_first,STACY,STACY,STACY
GARLAND,0.017,male_first,GARLAND,GARLAND,GARLAND
MILES,0.017,male_first,MILES,MILES,MILES
MICAH,0.017,male_first,MICAH,MICAH,MICAH
EFRAIN,0.017,male_first,EFRAIN,EFRAIN,EFRAIN
BILLIE,0.017,male_first,BILLIE,BILLIE,BILLIE
LOGAN,0.017,male_first,LOGAN,LOGAN,LOGAN
HEATH,0.017,male_first,HEATH,HEATH,HEATH
RODGER,0.017,male_first,RODGER,RODGER,RODGER
HARLEY,0.017,male_first,HARLEY,HARLEY,HARLEY
DEMETRIUS,0.017,male_first,DEMETRIUS,DEMETRIUS,DEMETRIUS
ETHAN,0.017,male_first,ETHAN,ETHAN,ETHAN
ELDON,0.017,male_first,ELDON,ELDON,ELDON
ROCKY,0.016,male_first,ROCKY,ROCKY,ROCKY
PIERRE,0.016,male_first,PIERRE,PIERRE,PIERRE
JUNIOR,0.016,male_first,JUNIOR,JUNIOR,JUNIOR
FREDDY,0.016,male_first,FREDDY,FREDDY,FREDDY
ELI,0.016,male_first,ELI,ELI,ELI
BRYCE,0.016,male_first,BRYCE,BRYCE,BRYCE
ANTOINE,0.016,male_first,ANTOINE,ANTOINE,ANTOINE
ROBBIE,0.016,male_first,ROBBIE,ROBBIE,ROBBIE
KENDALL,0.016,male_first,KENDALL,KENDALL,KENDALL
ROYCE,0.016,male_first,ROYCE,ROYCE,ROYCE
STERLING,0.016,male_first,STERLING,STERLING,STERLING
MICKEY,0.016,male_first,MICKEY,MICKEY,MICKEY
CHASE,0.016,male_first,CHASE,CHASE,CHASE
GROVER,0.016,male_first,GROVER,GROVER,GROVER
ELTON,0.016,male_first,ELTON,ELTON,ELTON
CLEVELAND,0.016,male_first,CLEVELAND,CLEVELAND,CLEVELAND
DYLAN,0.016,male_first,DYLAN,DYLAN,DYLAN
CHUCK,0.016,male_first,CHUCK,CHUCK,CHUCK
DAMIAN,0.016,male_first,DAMIAN,DAMIAN,DAMIAN
REUBEN,0.015,male_first,REUBEN,REUBEN,REUBEN
STAN,0.015,male_first,STAN,STAN,STAN
AUGUST,0.015,male_first,AUGUST,AUGUST,AUGUST
LEONARDO,0.015,male_first,LEONARDO,LEONARDO,LEONARDO
JASPER,0.015,male_first,JASPER,JASPER,JASPER
RUSSEL,0.015,male_first,RUSSEL,RUSSEL,RUSSEL
ERWIN,0.015,male_first,ERWIN,ERWIN,ERWIN
BENITO,0.015,male_first,BENITO,BENITO,BENITO
HANS,0.015,male_first,HANS,HANS,HANS
MONTE,0.015,male_first,MONTE,MONTE,MONTE
BLAINE,0.015,male_first,BLAINE,BLAINE,BLAINE
ERNIE,0.015,male_first,ERNIE,ERNIE,ERNIE
CURT,0.015,male_first,CURT,CURT,CURT
QUENTIN,0.015,male_first,QUENTIN,QUENTIN,QUENTIN
AGUSTIN,0.015,male_first,AGUSTIN,AGUSTIN,AGUSTIN
MURRAY,0.015,male_first,MURRAY,MURRAY,MURRAY
JAMAL,0.014,male_first,JAMAL,JAMAL,JAMAL
DEVON,0.014,male_first,DEVON,DEVON,DEVON
ADOLFO,0.014,male_first,ADOLFO,ADOLFO,ADOLFO
HARRISON,0.014,male_first,HARRISON,HARRISON,HARRISON
TYSON,0.014,male_first,TYSON,TYSON,TYSON
BURTON,0.014,male_first,BURTON,BURTON,BURTON
BRADY,0.014,male_first,BRADY,BRADY,BRADY
ELLIOTT,0.014,male_first,ELLIOTT,ELLIOTT,ELLIOTT
WILFREDO,0.014,male_first,WILFREDO,WILFREDO,WILFREDO
BART,0.014,male_first,BART,BART,BART
JARROD,0.014,male_first,JARROD,JARROD,JARROD
VANCE,0.014,male_first,VANCE,VANCE,VANCE
DENIS,0.014,male_first,DENIS,DENIS,DENIS
DAMIEN,0.014,male_first,DAMIEN,DAMIEN,DAMIEN
JOAQUIN,0.014,male_first,JOAQUIN,JOAQUIN,JOAQUIN
HARLAN,0.014,male_first,HARLAN,HARLAN,HARLAN
DESMOND,0.014,male_first,DESMOND,DESMOND,DESMOND
ELLIOT,0.014,male_first,ELLIOT,ELLIOT,ELLIOT
DARWIN,0.014,male_first,DARWIN,DARWIN,DARWIN
ASHLEY,0.014,male_first,ASHLEY,ASHLEY,ASHLEY
GREGORIO,0.014,male_first,GREGORIO,GREGORIO,GREGORIO
BUDDY,0.014,male_first,BUDDY,BUDDY,BUDDY
XAVIER,0.013,male_first,XAVIER,XAVIER,XAVIER
KERMIT,0.013,male_first,KERMIT,KERMIT,KERMIT
ROSCOE,0.013,male_first,ROSCOE,ROSCOE,ROSCOE
ESTEBAN,0.013,male_first,ESTEBAN,ESTEBAN,ESTEBAN
ANTON,0.013,male_first,ANTON,ANTON,ANTON
SOLOMON,0.013,male_first,SOLOMON,SOLOMON,SOLOMON
SCOTTY,0.013,male_first,SCOTTY,SCOTTY,SCOTTY
NORBERT,0.013,male_first,NORBERT,NORBERT,NORBERT
ELVIN,0.013,male_first,ELVIN,ELVIN,ELVIN
WILLIAMS,0.013,male_first,WILLIAMS,WILLIAMS,WILLIAMS
NOLAN,0.013,male_first,NOLAN,NOLAN,NOLAN
CAREY,0.013,male_first,CAREY,CAREY,CAREY
ROD,0.013,male_first,ROD,ROD,ROD
QUINTON,0.013,male_first,QUINTON,QUINTON,QUINTON
HAL,0.013,male_first,HAL,HAL,HAL
BRAIN,0.013,male_first,BRAIN,BRAIN,BRAIN
ROB,0.013,male_first,ROB,ROB,ROB
ELWOOD,0.013,male_first,ELWOOD,ELWOOD,ELWOOD
KENDRICK,0.013,male_first,KENDRICK,KENDRICK,KENDRICK
DARIUS,0.013,male_first,DARIUS,DARIUS,DARIUS
MOISES,0.013,male_first,MOISES,MOISES,MOISES
SON,0.012,male_first,SON,SON,SON
MARLIN,0.012,male_first,MARLIN,MARLIN,MARLIN
FIDEL,0.012,male_first,FIDEL,FIDEL,FIDEL
THADDEUS,0.012,male_first,THADDEUS,THADDEUS,THADDEUS
CLIFF,0.012,male_first,CLIFF,CLIFF,CLIFF
MARCEL,0.012,male_first,MARCEL,MARCEL,MARCEL
ALI,0.012,male_first,ALI,ALI,ALI
JACKSON,0.012,male_first,JACKSON,JACKSON,JACKSON
RAPHAEL,0.012,male_first,RAPHAEL,RAPHAEL,RAPHAEL
BRYON,0.012,male_first,BRYON,BRYON,BRYON
ARMAND,0.012,male_first,ARMAND,ARMAND,ARMAND
ALVARO,0.012,male_first,ALVARO,ALVARO,ALVARO
JEFFRY,0.012,male_first,JEFFRY,JEFFRY,JEFFRY
DANE,0.012,male_first,DANE,DANE,DANE
JOESPH,0.012,male_first,JOESPH,JOESPH,JOESPH
THURMAN,0.012,male_first,THURMAN,THURMAN,THURMAN
NED,0.012,male_first,NED,NED,NED
SAMMIE,0.012,male_first,SAMMIE,SAMMIE,SAMMIE
RUSTY,0.012,male_first,RUSTY,RUSTY,RUSTY
MICHEL,0.012,male_first,MICHEL,MICHEL,MICHEL
MONTY,0.012,male_first,MONTY,MONTY,MONTY
RORY,0.012,male_first,RORY,RORY,RORY
FABIAN,0.012,male_first,FABIAN,FABIAN,FABIAN
REGGIE,0.012,male_first,REGGIE,REGGIE,REGGIE
MASON,0.012,male_first,MASON,MASON,MASON
GRAHAM,0.012,male_first,GRAHAM,GRAHAM,GRAHAM
KRIS,0.011,male_first,KRIS,KRIS,KRIS
ISAIAH,0.011,male_first,ISAIAH,ISAIAH,ISAIAH
VAUGHN,0.011,male_first,VAUGHN,VAUGHN,VAUGHN
GUS,0.011,male_first,GUS,GUS,GUS
AVERY,0.011,male_first,AVERY,AVERY,AVERY
LOYD,0.011,male_first,LOYD,LOYD,LOYD
DIEGO,0.011,male_first,DIEGO,DIEGO,DIEGO
ALEXIS,0.011,male_first,ALEXIS,ALEXIS,ALEXIS
ADOLPH,0.011,male_first,ADOLPH,ADOLPH,ADOLPH
NORRIS,0.011,male_first,NORRIS,NORRIS,NORRIS
MILLARD,0.011,male_first,MILLARD,MILLARD,MILLARD
ROCCO,0.011,male_first,ROCCO,ROCCO,ROCCO
GONZALO,0.011,male_first,GONZALO,GONZALO,GONZALO
DERICK,0.011,male_first,DERICK,DERICK,DERICK
RODRIGO,0.011,male_first,RODRIGO,RODRIGO,RODRIGO
GERRY,0.011,male_first,GERRY,GERRY,GERRY
STACEY,0.011,male_first,STACEY,STACEY,STACEY
CARMEN,0.011,male_first,CARMEN,CARMEN,CARMEN
WILEY,0.011,male_first,WILEY,WILEY,WILEY
RIGOBERTO,0.011,male_first,RIGOBERTO,RIGOBERTO,RIGOBERTO
ALPHONSO,0.011,male_first,ALPHONSO,ALPHONSO,ALPHONSO
TY,0.011,male_first,TY,TY,TY
SHELBY,0.011,male_first,SHELBY,SHELBY,SHELBY
RICKIE,0.011,male_first,RICKIE,RICKIE,RICKIE
NOE,0.011,male_first,NOE,NOE,NOE
VERN,0.01,male_first,VERN,VERN,VERN
BOBBIE,0.01,male_first,BOBBIE,BOBBIE,BOBBIE
REED,0.01,male_first,REED,REED,REED
JEFFERSON,0.01,male_first,JEFFERSON,JEFFERSON,JEFFERSON
ELVIS,0.01,male_first,ELVIS,ELVIS,ELVIS
BERNARDO,0.01,male_first,BERNARDO,BERNARDO,BERNARDO
MAURICIO,0.01,male_first,MAURICIO,MAURICIO,MAURICIO
HIRAM,0.01,male_first,HIRAM,HIRAM,HIRAM
DONOVAN,0.01,male_first,DONOVAN,DONOVAN,DONOVAN
BASIL,0.01,male_first,BASIL,BASIL,BASIL
RILEY,0.01,male_first,RILEY,RILEY,RILEY
OLLIE,0.01,male_first,OLLIE,OLLIE,OLLIE
NICKOLAS,0.01,male_first,NICKOLAS,NICKOLAS,NICKOLAS
MAYNARD,0.01,male_first,MAYNARD,MAYNARD,MAYNARD
SCOT,0.01,male_first,SCOT,SCOT,SCOT
VINCE,0.01,male_first,VINCE,VINCE,VINCE
QUINCY,0.01,male_first,QUINCY,QUINCY,QUINCY
EDDY,0.01,male_first,EDDY,EDDY,EDDY
SEBASTIAN,0.01,male_first,SEBASTIAN,SEBASTIAN,SEBASTIAN
FEDERICO,0.01,male_first,FEDERICO,FEDERICO,FEDERICO
ULYSSES,0.01,male_first,ULYSSES,ULYSSES,ULYSSES
HERIBERTO,0.01,male_first,HERIBERTO,HERIBERTO,HERIBERTO
DONNELL,0.01,male_first,DONNELL,DONNELL,DONNELL
COLE,0.01,male_first,COLE,COLE,COLE
DENNY,0.01,male_first,DENNY,DENNY,DENNY
DAVIS,0.01,male_first,DAVIS,DAVIS,DAVIS
GAVIN,0.01,male_first,GAVIN,GAVIN,GAVIN
EMERY,0.01,male_first,EMERY,EMERY,EMERY
WARD,0.01,male_first,WARD,WARD,WARD
ROMEO,0.01,male_first,ROMEO,ROMEO,ROMEO
JAYSON,0.01,male_first,JAYSON,JAYSON,JAYSON
DION,0.01,male_first,DION,DION,DION
DANTE,0.01,male_first,DANTE,DANTE,DANTE
CLEMENT,0.01,male_first,CLEMENT,CLEMENT,CLEMENT
COY,0.01,male_first,COY,COY,COY
ODELL,0.01,male_first,ODELL,ODELL,ODELL
MAXWELL,0.01,male_first,MAXWELL,MAXWELL,MAXWELL
JARVIS,0.01,male_first,JARVIS,JARVIS,JARVIS
BRUNO,0.01,male_first,BRUNO,BRUNO,BRUNO
ISSAC,0.01,male_first,ISSAC,ISSAC,ISSAC
MARY,0.009,male_first,MARY,MARY,MARY
DUDLEY,0.009,male_first,DUDLEY,DUDLEY,DUDLEY
BROCK,0.009,male_first,BROCK,BROCK,BROCK
SANFORD,0.009,male_first,SANFORD,SANFORD,SANFORD
COLBY,0.009,male_first,COLBY,COLBY,COLBY
CARMELO,0.009,male_first,CARMELO,CARMELO,CARMELO
BARNEY,0.009,male_first,BARNEY,BARNEY,BARNEY
NESTOR,0.009,male_first,NESTOR,NESTOR,NESTOR
HOLLIS,0.009,male_first,HOLLIS,HOLLIS,HOLLIS
STEFAN,0.009,male_first,STEFAN,STEFAN,STEFAN
DONNY,0.009,male_first,DONNY,DONNY,DONNY
ART,0.009,male_first,ART,ART,ART
LINWOOD,0.009,male_first,LINWOOD,LINWOOD,LINWOOD
BEAU,0.009,male_first,BEAU,BEAU,BEAU
WELDON,0.009,male_first,WELDON,WELDON,WELDON
GALEN,0.009,male_first,GALEN,GALEN,GALEN
ISIDRO,0.009,male_first,ISIDRO,ISIDRO,ISIDRO
TRUMAN,0.009,male_first,TRUMAN,TRUMAN,TRUMAN
DELMAR,0.009,male_first,DELMAR,DELMAR,DELMAR
JOHNATHON,0.009,male_first,JOHNATHON,JOHNATHON,JOHNATHON
SILAS,0.009,male_first,SILAS,SILAS,SILAS
FREDERIC,0.009,male_first,FREDERIC,FREDERIC,FREDERIC
DICK,0.009,male_first,DICK,DICK,DICK
KIRBY,0.009,male_first,KIRBY,KIRBY,KIRBY
IRWIN,0.009,male_first,IRWIN,IRWIN,IRWIN
CRUZ,0.009,male_first,CRUZ,CRUZ,CRUZ
MERLIN,0.009,male_first,MERLIN,MERLIN,MERLIN
MERRILL,0.009,male_first,MERRILL,MERRILL,MERRILL
CHARLEY,0.009,male_first,CHARLEY,CHARLEY,CHARLEY
MARCELINO,0.009,male_first,MARCELINO,MARCELINO,MARCELINO
LANE,0.009,male_first,LANE,LANE,LANE
HARRIS,0.009,male_first,HARRIS,HARRIS,HARRIS
CLEO,0.009,male_first,CLEO,CLEO,CLEO
CARLO,0.009,male_first,CARLO,CARLO,CARLO
TRENTON,0.009,male_first,TRENTON,TRENTON,TRENTON
KURTIS,0.009,male_first,KURTIS,KURTIS,KURTIS
HUNTER,0.009,male_first,HUNTER,HUNTER,HUNTER
AURELIO,0.009,male_first,AURELIO,AURELIO,AURELIO
WINFRED,0.009,male_first,WINFRED,WINFRED,WINFRED
VITO,0.009,male_first,VITO,VITO,VITO
COLLIN,0.009,male_first,COLLIN,COLLIN,COLLIN
DENVER,0.009,male_first,DENVER,DENVER,DENVER
CARTER,0.009,male_first,CARTER,CARTER,CARTER
LEONEL,0.008,male_first,LEONEL,LEONEL,LEONEL
EMORY,0.008,male_first,EMORY,EMORY,EMORY
PASQUALE,0.008,male_first,PASQUALE,PASQUALE,PASQUALE
MOHAMMAD,0.008,male_first,MOHAMMAD,MOHAMMAD,MOHAMMAD
MARIANO,0.008,male_first,MARIANO,MARIANO,MARIANO
DANIAL,0.008,male_first,DANIAL,DANIAL,DANIAL
BLAIR,0.008,male_first,BLAIR,BLAIR,BLAIR
LANDON,0.008,male_first,LANDON,LANDON,LANDON
DIRK,0.008,male_first,DIRK,DIRK,DIRK
BRANDEN,0.008,male_first,BRANDEN,BRANDEN,BRANDEN
ADAN,0.008,male_first,ADAN,ADAN,ADAN
NUMBERS,0.008,male_first,NUMBERS,NUMBERS,NUMBERS
CLAIR,0.008,male_first,CLAIR,CLAIR,CLAIR
BUFORD,0.008,male_first,BUFORD,BUFORD,BUFORD
GERMAN,0.008,male_first,GERMAN,GERMAN,GERMAN
BERNIE,0.008,male_first,BERNIE,BERNIE,BERNIE
WILMER,0.008,male_first,WILMER,WILMER,WILMER
JOAN,0.008,male_first,JOAN,JOAN,JOAN
EMERSON,0.008,male_first,EMERSON,EMERSON,EMERSON
ZACHERY,0.008,male_first,ZACHERY,ZACHERY,ZACHERY
FLETCHER,0.008,male_first,FLETCHER,FLETCHER,FLETCHER
JACQUES,0.008,male_first,JACQUES,JACQUES,JACQUES
ERROL,0.008,male_first,ERROL,ERROL,ERROL
DALTON,0.008,male_first,DALTON,DALTON,DALTON
MONROE,0.008,male_first,MONROE,MONROE,MONROE
JOSUE,0.008,male_first,JOSUE,JOSUE,JOSUE
DOMINIQUE,0.008,male_first,DOMINIQUE,DOMINIQUE,DOMINIQUE
EDWARDO,0.008,male_first,EDWARDO,EDWARDO,EDWARDO
BOOKER,0.008,male_first,BOOKER,BOOKER,BOOKER
WILFORD,0.008,male_first,WILFORD,WILFORD,WILFORD
SONNY,0.008,male_first,SONNY,SONNY,SONNY
SHELTON,0.008,male_first,SHELTON,SHELTON,SHELTON
CARSON,0.008,male_first,CARSON,CARSON,CARSON
THERON,0.008,male_first,THERON,THERON,THERON
RAYMUNDO,0.008,male_first,RAYMUNDO,RAYMUNDO,RAYMUNDO
DAREN,0.008,male_first,DAREN,DAREN,DAREN
TRISTAN,0.008,male_first,TRISTAN,TRISTAN,TRISTAN
HOUSTON,0.008,male_first,HOUSTON,HOUSTON,HOUSTON
ROBBY,0.008,male_first,ROBBY,ROBBY,ROBBY
LINCOLN,0.008,male_first,LINCOLN,LINCOLN,LINCOLN
JAME,0.008,male_first,JAME,JAME,JAME
GENARO,0.008,male_first,GENARO,GENARO,GENARO
GALE,0.008,male_first,GALE,GALE,GALE
BENNETT,0.008,male_first,BENNETT,BENNETT,BENNETT
OCTAVIO,0.008,male_first,OCTAVIO,OCTAVIO,OCTAVIO
CORNELL,0.008,male_first,CORNELL,CORNELL,CORNELL
LAVERNE,0.008,male_first,LAVERNE,LAVERNE,LAVERNE
HUNG,0.008,male_first,HUNG,HUNG,HUNG
ARRON,0.008,male_first,ARRON,ARRON,ARRON
ANTONY,0.008,male_first,ANTONY,ANTONY,ANTONY
HERSCHEL,0.007,male_first,HERSCHEL,HERSCHEL,HERSCHEL
ALVA,0.007,male_first,ALVA,ALVA,ALVA
GIOVANNI,0.007,male_first,GIOVANNI,GIOVANNI,GIOVANNI
GARTH,0.007,male_first,GARTH,GARTH,GARTH
CYRUS,0.007,male_first,CYRUS,CYRUS,CYRUS
CYRIL,0.007,male_first,CYRIL,CYRIL,CYRIL
RONNY,0.007,male_first,RONNY,RONNY,RONNY
STEVIE,0.007,male_first,STEVIE,STEVIE,STEVIE
LON,0.007,male_first,LON,LON,LON
FREEMAN,0.007,male_first,FREEMAN,FREEMAN,FREEMAN
ERIN,0.007,male_first,ERIN,ERIN,ERIN
DUNCAN,0.007,male_first,DUNCAN,DUNCAN,DUNCAN
KENNITH,0.007,male_first,KENNITH,KENNITH,KENNITH
CARMINE,0.007,male_first,CARMINE,CARMINE,CARMINE
AUGUSTINE,0.007,male_first,AUGUSTINE,AUGUSTINE,AUGUSTINE
YOUNG,0.007,male_first,YOUNG,YOUNG,YOUNG
ERICH,0.007,male_first,ERICH,ERICH,ERICH
CHADWICK,0.007,male_first,CHADWICK,CHADWICK,CHADWICK
WILBURN,0.007,male_first,WILBURN,WILBURN,WILBURN
RUSS,0.007,male_first,RUSS,RUSS,RUSS
REID,0.007,male_first,REID,REID,REID
MYLES,0.007,male_first,MYLES,MYLES,MYLES
ANDERSON,0.007,male_first,ANDERSON,ANDERSON,ANDERSON
MORTON,0.007,male_first,MORTON,MORTON,MORTON
JONAS,0.007,male_first,JONAS,JONAS,JONAS
FOREST,0.007,male_first,FOREST,FOREST,FOREST
MITCHEL,0.007,male_first,MITCHEL,MITCHEL,MITCHEL
MERVIN,0.007,male_first,MERVIN,MERVIN,MERVIN
ZANE,0.007,male_first,ZANE,ZANE,ZANE
RICH,0.007,male_first,RICH,RICH,RICH
JAMEL,0.007,male_first,JAMEL,JAMEL,JAMEL
LAZARO,0.007,male_first,LAZARO,LAZARO,LAZARO
ALPHONSE,0.007,male_first,ALPHONSE,ALPHONSE,ALPHONSE
RANDELL,0.007,male_first,RANDELL,RANDELL,RANDELL
MAJOR,0.007,male_first,MAJOR,MAJOR,MAJOR
JOHNIE,0.007,male_first,JOHNIE,JOHNIE,JOHNIE
JARRETT,0.007,male_first,JARRETT,JARRETT,JARRETT
BROOKS,0.007,male_first,BROOKS,BROOKS,BROOKS
ARIEL,0.007,male_first,ARIEL,ARIEL,ARIEL
ABDUL,0.007,male_first,ABDUL,ABDUL,ABDUL
DUSTY,0.007,male_first,DUSTY,DUSTY,DUSTY
LUCIANO,0.007,male_first,LUCIANO,LUCIANO,LUCIANO
LINDSEY,0.007,male_first,LINDSEY,LINDSEY,LINDSEY
TRACEY,0.007,male_first,TRACEY,TRACEY,TRACEY
SEYMOUR,0.007,male_first,SEYMOUR,SEYMOUR,SEYMOUR
SCOTTIE,0.007,male_first,SCOTTIE,SCOTTIE,SCOTTIE
EUGENIO,0.007,male_first,EUGENIO,EUGENIO,EUGENIO
MOHAMMED,0.007,male_first,MOHAMMED,MOHAMMED,MOHAMMED
SANDY,0.007,male_first,SANDY,SANDY,SANDY
VALENTIN,0.007,male_first,VALENTIN,VALENTIN,VALENTIN
CHANCE,0.007,male_first,CHANCE,CHANCE,CHANCE
ARNULFO,0.007,male_first,ARNULFO,ARNULFO,ARNULFO
LUCIEN,0.007,male_first,LUCIEN,LUCIEN,LUCIEN
FERDINAND,0.007,male_first,FERDINAND,FERDINAND,FERDINAND
THAD,0.007,male_first,THAD,THAD,THAD
EZRA,0.007,male_first,EZRA,EZRA,EZRA
SYDNEY,0.007,male_first,SYDNEY,SYDNEY,SYDNEY
ALDO,0.007,male_first,ALDO,ALDO,ALDO
RUBIN,0.006,male_first,RUBIN,RUBIN,RUBIN
ROYAL,0.006,male_first,ROYAL,ROYAL,ROYAL
MITCH,0.006,male_first,MITCH,MITCH,MITCH
EARLE,0.006,male_first,EARLE,EARLE,EARLE
ABE,0.006,male_first,ABE,ABE,ABE
WYATT,0.006,male_first,WYATT,WYATT,WYATT
MARQUIS,0.006,male_first,MARQUIS,MARQUIS,MARQUIS
LANNY,0.006,male_first,LANNY,LANNY,LANNY
KAREEM,0.006,male_first,KAREEM,KAREEM,KAREEM
JAMAR,0.006,male_first,JAMAR,JAMAR,JAMAR
BORIS,0.006,male_first,BORIS,BORIS,BORIS
ISIAH,0.006,male_first,ISIAH,ISIAH,ISIAH
EMILE,0.006,male_first,EMILE,EMILE,EMILE
ELMO,0.006,male_first,ELMO,ELMO,ELMO
ARON,0.006,male_first,ARON,ARON,ARON
LEOPOLDO,0.006,male_first,LEOPOLDO,LEOPOLDO,LEOPOLDO
EVERETTE,0.006,male_first,EVERETTE,EVERETTE,EVERETTE
JOSEF,0.006,male_first,JOSEF,JOSEF,JOSEF
GAIL,0.006,male_first,GAIL,GAIL,GAIL
ELOY,0.006,male_first,ELOY,ELOY,ELOY
DORIAN,0.006,male_first,DORIAN,DORIAN,DORIAN
RODRICK,0.006,male_first,RODRICK,RODRICK,RODRICK
REINALDO,0.006,male_first,REINALDO,REINALDO,REINALDO
LUCIO,0.006,male_first,LUCIO,LUCIO,LUCIO
JERROD,0.006,male_first,JERROD,JERROD,JERROD
WESTON,0.006,male_first,WESTON,WESTON,WESTON
HERSHEL,0.006,male_first,HERSHEL,HERSHEL,HERSHEL
BARTON,0.006,male_first,BARTON,BARTON,BARTON
PARKER,0.006,male_first,PARKER,PARKER,PARKER
LEMUEL,0.006,male_first,LEMUEL,LEMUEL,LEMUEL
LAVERN,0.006,male_first,LAVERN,LAVERN,LAVERN
BURT,0.006,male_first,BURT,BURT,BURT
JULES,0.006,male_first,JULES,JULES,JULES
GIL,0.006,male_first,GIL,GIL,GIL
ELISEO,0.006,male_first,ELISEO,ELISEO,ELISEO
AHMAD,0.006,male_first,AHMAD,AHMAD,AHMAD
NIGEL,0.006,male_first,NIGEL,NIGEL,NIGEL
EFREN,0.006,male_first,EFREN,EFREN,EFREN
ANTWAN,0.006,male_first,ANTWAN,ANTWAN,ANTWAN
ALDEN,0.006,male_first,ALDEN,ALDEN,ALDEN
MARGARITO,0.006,male_first,MARGARITO,MARGARITO,MARGARITO
COLEMAN,0.006,male_first,COLEMAN,COLEMAN,COLEMAN
REFUGIO,0.006,male_first,REFUGIO,REFUGIO,REFUGIO
DINO,0.006,male_first,DINO,DINO,DINO
OSVALDO,0.006,male_first,OSVALDO,OSVALDO,OSVALDO
LES,0.006,male_first,LES,LES,LES
DEANDRE,0.006,male_first,DEANDRE,DEANDRE,DEANDRE
NORMAND,0.006,male_first,NORMAND,NORMAND,NORMAND
KIETH,0.006,male_first,KIETH,KIETH,KIETH
IVORY,0.006,male_first,IVORY,IVORY,IVORY
ANDREA,0.006,male_first,ANDREA,ANDREA,ANDREA
TREY,0.006,male_first,TREY,TREY,TREY
NORBERTO,0.006,male_first,NORBERTO,NORBERTO,NORBERTO
NAPOLEON,0.006,male_first,NAPOLEON,NAPOLEON,NAPOLEON
JEROLD,0.006,male_first,JEROLD,JEROLD,JEROLD
FRITZ,0.006,male_first,FRITZ,FRITZ,FRITZ
ROSENDO,0.006,male_first,ROSENDO,ROSENDO,ROSENDO
MILFORD,0.006,male_first,MILFORD,MILFORD,MILFORD
SANG,0.006,male_first,SANG,SANG,SANG
DEON,0.006,male_first,DEON,DEON,DEON
CHRISTOPER,0.006,male_first,CHRISTOPER,CHRISTOPER,CHRISTOPER
ALFONZO,0.006,male_first,ALFONZO,ALFONZO,ALFONZO
LYMAN,0.006,male_first,LYMAN,LYMAN,LYMAN
JOSIAH,0.006,male_first,JOSIAH,JOSIAH,JOSIAH
BRANT,0.006,male_first,BRANT,BRANT,BRANT
WILTON,0.006,male_first,WILTON,WILTON,WILTON
RICO,0.006,male_first,RICO,RICO,RICO
JAMAAL,0.006,male_first,JAMAAL,JAMAAL,JAMAAL
DEWITT,0.006,male_first,DEWITT,DEWITT,DEWITT
CAROL,0.006,male_first,CAROL,CAROL,CAROL
BRENTON,0.006,male_first,BRENTON,BRENTON,BRENTON
YONG,0.006,male_first,YONG,YONG,YONG
OLIN,0.006,male_first,OLIN,OLIN,OLIN
FOSTER,0.006,male_first,FOSTER,FOSTER,FOSTER
FAUSTINO,0.006,male_first,FAUSTINO,FAUSTINO,FAUSTINO
CLAUDIO,0.006,male_first,CLAUDIO,CLAUDIO,CLAUDIO
JUDSON,0.006,male_first,JUDSON,JUDSON,JUDSON
GINO,0.006,male_first,GINO,GINO,GINO
EDGARDO,0.006,male_first,EDGARDO,EDGARDO,EDGARDO
BERRY,0.006,male_first,BERRY,BERRY,BERRY
ALEC,0.006,male_first,ALEC,ALEC,ALEC
TANNER,0.006,male_first,TANNER,TANNER,TANNER
JARRED,0.006,male_first,JARRED,JARRED,JARRED
DONN,0.006,male_first,DONN,DONN,DONN
TRINIDAD,0.005,male_first,TRINIDAD,TRINIDAD,TRINIDAD
TAD,0.005,male_first,TAD,TAD,TAD
SHIRLEY,0.005,male_first,SHIRLEY,SHIRLEY,SHIRLEY
PRINCE,0.005,male_first,PRINCE,PRINCE,PRINCE
PORFIRIO,0.005,male_first,PORFIRIO,PORFIRIO,PORFIRIO
ODIS,0.005,male_first,ODIS,ODIS,ODIS
MARIA,0.005,male_first,MARIA,MARIA,MARIA
LENARD,0.005,male_first,LENARD,LENARD,LENARD
CHAUNCEY,0.005,male_first,CHAUNCEY,CHAUNCEY,CHAUNCEY
CHANG,0.005,male_first,CHANG,CHANG,CHANG
TOD,0.005,male_first,TOD,TOD,TOD
MEL,0.005,male_first,MEL,MEL,MEL
MARCELO,0.005,male_first,MARCELO,MARCELO,MARCELO
KORY,0.005,male_first,KORY,KORY,KORY
AUGUSTUS,0.005,male_first,AUGUSTUS,AUGUSTUS,AUGUSTUS
KEVEN,0.005,male_first,KEVEN,KEVEN,KEVEN
HILARIO,0.005,male_first,HILARIO,HILARIO,HILARIO
BUD,0.005,male_first,BUD,BUD,BUD
SAL,0.005,male_first,SAL,SAL,SAL
ROSARIO,0.005,male_first,ROSARIO,ROSARIO,ROSARIO
ORVAL,0.005,male_first,ORVAL,ORVAL,ORVAL
MAURO,0.005,male_first,MAURO,MAURO,MAURO
DANNIE,0.005,male_first,DANNIE,DANNIE,DANNIE
ZACHARIAH,0.005,male_first,ZACHARIAH,ZACHARIAH,ZACHARIAH
OLEN,0.005,male_first,OLEN,OLEN,OLEN
ANIBAL,0.005,male_first,ANIBAL,ANIBAL,ANIBAL
MILO,0.005,male_first,MILO,MILO,MILO
JED,0.005,male_first,JED,JED,JED
FRANCES,0.005,male_first,FRANCES,FRANCES,FRANCES
THANH,0.005,male_first,THANH,THANH,THANH
DILLON,0.005,male_first,DILLON,DILLON,DILLON
AMADO,0.005,male_first,AMADO,AMADO,AMADO
NEWTON,0.005,male_first,NEWTON,NEWTON,NEWTON
CONNIE,0.005,male_first,CONNIE,CONNIE,CONNIE
LENNY,0.005,male_first,LENNY,LENNY,LENNY
TORY,0.005,male_first,TORY,TORY,TORY
RICHIE,0.005,male_first,RICHIE,RICHIE,RICHIE
LUPE,0.005,male_first,LUPE,LUPE,LUPE
HORACIO,0.005,male_first,HORACIO,HORACIO,HORACIO
BRICE,0.005,male_first,BRICE,BRICE,BRICE
MOHAMED,0.005,male_first,MOHAMED,MOHAMED,MOHAMED
DELMER,0.005,male_first,DELMER,DELMER,DELMER
DARIO,0.005,male_first,DARIO,DARIO,DARIO
REYES,0.005,male_first,REYES,REYES,REYES
DEE,0.005,male_first,DEE,DEE,DEE
MAC,0.005,male_first,MAC,MAC,MAC
JONAH,0.005,male_first,JONAH,JONAH,JONAH
JERROLD,0.005,male_first,JERROLD,JERROLD,JERROLD
ROBT,0.005,male_first,ROBT,ROBT,ROBT
HANK,0.005,male_first,HANK,HANK,HANK
SUNG,0.005,male_first,SUNG,SUNG,SUNG
RUPERT,0.005,male_first,RUPERT,RUPERT,RUPERT
ROLLAND,0.005,male_first,ROLLAND,ROLLAND,ROLLAND
KENTON,0.005,male_first,KENTON,KENTON,KENTON
DAMION,0.005,male_first,DAMION,DAMION,DAMION
CHI,0.005,male_first,CHI,CHI,CHI
ANTONE,0.005,male_first,ANTONE,ANTONE,ANTONE
WALDO,0.005,male_first,WALDO,WALDO,WALDO
FREDRIC,0.005,male_first,FREDRIC,FREDRIC,FREDRIC
BRADLY,0.005,male_first,BRADLY,BRADLY,BRADLY
QUINN,0.005,male_first,QUINN,QUINN,QUINN
KIP,0.005,male_first,KIP,KIP,KIP
BURL,0.005,male_first,BURL,BURL,BURL
WALKER,0.005,male_first,WALKER,WALKER,WALKER
TYREE,0.005,male_first,TYREE,TYREE,TYREE
JEFFEREY,0.005,male_first,JEFFEREY,JEFFEREY,JEFFEREY
AHMED,0.005,male_first,AHMED,AHMED,AHMED
WILLY,0.005,male_first,WILLY,WILLY,WILLY
STANFORD,0.005,male_first,STANFORD,STANFORD,STANFORD
OREN,0.005,male_first,OREN,OREN,OREN
NOBLE,0.005,male_first,NOBLE,NOBLE,NOBLE
MOSHE,0.005,male_first,MOSHE,MOSHE,MOSHE
MIKEL,0.005,male_first,MIKEL,MIKEL,MIKEL
ENOCH,0.005,male_first,ENOCH,ENOCH,ENOCH
BRENDON,0.005,male_first,BRENDON,BRENDON,BRENDON
QUINTIN,0.005,male_first,QUINTIN,QUINTIN,QUINTIN
JAMISON,0.005,male_first,JAMISON,JAMISON,JAMISON
FLORENCIO,0.005,male_first,FLORENCIO,FLORENCIO,FLORENCIO
DARRICK,0.005,male_first,DARRICK,DARRICK,DARRICK
TOBIAS,0.005,male_first,TOBIAS,TOBIAS,TOBIAS
MINH,0.005,male_first,MINH,MINH,MINH
HASSAN,0.005,male_first,HASSAN,HASSAN,HASSAN
GIUSEPPE,0.005,male_first,GIUSEPPE,GIUSEPPE,GIUSEPPE
DEMARCUS,0.005,male_first,DEMARCUS,DEMARCUS,DEMARCUS
CLETUS,0.005,male_first,CLETUS,CLETUS,CLETUS
TYRELL,0.005,male_first,TYRELL,TYRELL,TYRELL
LYNDON,0.005,male_first,LYNDON,LYNDON,LYNDON
KEENAN,0.005,male_first,KEENAN,KEENAN,KEENAN
WERNER,0.005,male_first,WERNER,WERNER,WERNER
THEO,0.005,male_first,THEO,THEO,THEO
GERALDO,0.005,male_first,GERALDO,GERALDO,GERALDO
LOU,0.005,male_first,LOU,LOU,LOU
COLUMBUS,0.005,male_first,COLUMBUS,COLUMBUS,COLUMBUS
CHET,0.005,male_first,CHET,CHET,CHET
BERTRAM,0.005,male_first,BERTRAM,BERTRAM,BERTRAM
MARKUS,0.005,male_first,MARKUS,MARKUS,MARKUS
HUEY,0.005,male_first,HUEY,HUEY,HUEY
HILTON,0.005,male_first,HILTON,HILTON,HILTON
DWAIN,0.005,male_first,DWAIN,DWAIN,DWAIN
DONTE,0.005,male_first,DONTE,DONTE,DONTE
TYRON,0.005,male_first,TYRON,TYRON,TYRON
OMER,0.005,male_first,OMER,OMER,OMER
ISAIAS,0.005,male_first,ISAIAS,ISAIAS,ISAIAS
HIPOLITO,0.005,male_first,HIPOLITO,HIPOLITO,HIPOLITO
FERMIN,0.005,male_first,FERMIN,FERMIN,FERMIN
CHUNG,0.005,male_first,CHUNG,CHUNG,CHUNG
ADALBERTO,0.005,male_first,ADALBERTO,ADALBERTO,ADALBERTO
VALENTINE,0.005,male_first,VALENTINE,VALENTINE,VALENTINE
JAMEY,0.005,male_first,JAMEY,JAMEY,JAMEY
BO,0.005,male_first,BO,BO,BO
BARRETT,0.005,male_first,BARRETT,BARRETT,BARRETT
WHITNEY,0.005,male_first,WHITNEY,WHITNEY,WHITNEY
TEODORO,0.005,male_first,TEODORO,TEODORO,TEODORO
MCKINLEY,0.005,male_first,MCKINLEY,MCKINLEY,MCKINLEY
MAXIMO,0.005,male_first,MAXIMO,MAXIMO,MAXIMO
GARFIELD,0.005,male_first,GARFIELD,GARFIELD,GARFIELD
SOL,0.005,male_first,SOL,SOL,SOL
RALEIGH,0.005,male_first,RALEIGH,RALEIGH,RALEIGH
LAWERENCE,0.005,male_first,LAWERENCE,LAWERENCE,LAWERENCE
ABRAM,0.005,male_first,ABRAM,ABRAM,ABRAM
RASHAD,0.004,male_first,RASHAD,RASHAD,RASHAD
KING,0.004,male_first,KING,KING,KING
EMMITT,0.004,male_first,EMMITT,EMMITT,EMMITT
DARON,0.004,male_first,DARON,DARON,DARON
CHONG,0.004,male_first,CHONG,CHONG,CHONG
SAMUAL,0.004,male_first,SAMUAL,SAMUAL,SAMUAL
PARIS,0.004,male_first,PARIS,PARIS,PARIS
OTHA,0.004,male_first,OTHA,OTHA,OTHA
MIQUEL,0.004,male_first,MIQUEL,MIQUEL,MIQUEL
LACY,0.004,male_first,LACY,LACY,LACY
EUSEBIO,0.004,male_first,EUSEBIO,EUSEBIO,EUSEBIO
DONG,0.004,male_first,DONG,DONG,DONG
DOMENIC,0.004,male_first,DOMENIC,DOMENIC,DOMENIC
DARRON,0.004,male_first,DARRON,DARRON,DARRON
BUSTER,0.004,male_first,BUSTER,BUSTER,BUSTER
ANTONIA,0.004,male_first,ANTONIA,ANTONIA,ANTONIA
WILBER,0.004,male_first,WILBER,WILBER,WILBER
RENATO,0.004,male_first,RENATO,RENATO,RENATO
JC,0.004,male_first,JC,JC,JC
HOYT,0.004,male_first,HOYT,HOYT,HOYT
HAYWOOD,0.004,male_first,HAYWOOD,HAYWOOD,HAYWOOD
EZEKIEL,0.004,male_first,EZEKIEL,EZEKIEL,EZEKIEL
CHAS,0.004,male_first,CHAS,CHAS,CHAS
FLORENTINO,0.004,male_first,FLORENTINO,FLORENTINO,FLORENTINO
ELROY,0.004,male_first,ELROY,ELROY,ELROY
CLEMENTE,0.004,male_first,CLEMENTE,CLEMENTE,CLEMENTE
ARDEN,0.004,male_first,ARDEN,ARDEN,ARDEN
NEVILLE,0.004,male_first,NEVILLE,NEVILLE,NEVILLE
KELLEY,0.004,male_first,KELLEY,KELLEY,KELLEY
EDISON,0.004,male_first,EDISON,EDISON,EDISON
DESHAWN,0.004,male_first,DESHAWN,DESHAWN,DESHAWN
CARROL,0.004,male_first,CARROL,CARROL,CARROL
SHAYNE,0.004,male_first,SHAYNE,SHAYNE,SHAYNE
NATHANIAL,0.004,male_first,NATHANIAL,NATHANIAL,NATHANIAL
JORDON,0.004,male_first,JORDON,JORDON,JORDON
DANILO,0.004,male_first,DANILO,DANILO,DANILO
CLAUD,0.004,male_first,CLAUD,CLAUD,CLAUD
VAL,0.004,male_first,VAL,VAL,VAL
SHERWOOD,0.004,male_first,SHERWOOD,SHERWOOD,SHERWOOD
RAYMON,0.004,male_first,RAYMON,RAYMON,RAYMON
RAYFORD,0.004,male_first,RAYFORD,RAYFORD,RAYFORD
CRISTOBAL,0.004,male_first,CRISTOBAL,CRISTOBAL,CRISTOBAL
AMBROSE,0.004,male_first,AMBROSE,AMBROSE,AMBROSE
TITUS,0.004,male_first,TITUS,TITUS,TITUS
HYMAN,0.004,male_first,HYMAN,HYMAN,HYMAN
FELTON,0.004,male_first,FELTON,FELTON,FELTON
EZEQUIEL,0.004,male_first,EZEQUIEL,EZEQUIEL,EZEQUIEL
ERASMO,0.004,male_first,ERASMO,ERASMO,ERASMO
STANTON,0.004,male_first,STANTON,STANTON,STANTON
LONNY,0.004,male_first,LONNY,LONNY,LONNY
LEN,0.004,male_first,LEN,LEN,LEN
IKE,0.004,male_first,IKE,IKE,IKE
MILAN,0.004,male_first,MILAN,MILAN,MILAN
LINO,0.004,male_first,LINO,LINO,LINO
JAROD,0.004,male_first,JAROD,JAROD,JAROD
HERB,0.004,male_first,HERB,HERB,HERB
ANDREAS,0.004,male_first,ANDREAS,ANDREAS,ANDREAS
WALTON,0.004,male_first,WALTON,WALTON,WALTON
RHETT,0.004,male_first,RHETT,RHETT,RHETT
PALMER,0.004,male_first,PALMER,PALMER,PALMER
JUDE,0.004,male_first,JUDE,JUDE,JUDE
DOUGLASS,0.004,male_first,DOUGLASS,DOUGLASS,DOUGLASS
CORDELL,0.004,male_first,CORDELL,CORDELL,CORDELL
OSWALDO,0.004,male_first,OSWALDO,OSWALDO,OSWALDO
ELLSWORTH,0.004,male_first,ELLSWORTH,ELLSWORTH,ELLSWORTH
VIRGILIO,0.004,male_first,VIRGILIO,VIRGILIO,VIRGILIO
TONEY,0.004,male_first,TONEY,TONEY,TONEY
NATHANAEL,0.004,male_first,NATHANAEL,NATHANAEL,NATHANAEL
DEL,0.004,male_first,DEL,DEL,DEL
BRITT,0.004,male_first,BRITT,BRITT,BRITT
BENEDICT,0.004,male_first,BENEDICT,BENEDICT,BENEDICT
MOSE,0.004,male_first,MOSE,MOSE,MOSE
HONG,0.004,male_first,HONG,HONG,HONG
LEIGH,0.004,male_first,LEIGH,LEIGH,LEIGH
JOHNSON,0.004,male_first,JOHNSON,JOHNSON,JOHNSON
ISREAL,0.004,male_first,ISREAL,ISREAL,ISREAL
GAYLE,0.004,male_first,GAYLE,GAYLE,GAYLE
GARRET,0.004,male_first,GARRET,GARRET,GARRET
FAUSTO,0.004,male_first,FAUSTO,FAUSTO,FAUSTO
ASA,0.004,male_first,ASA,ASA,ASA
ARLEN,0.004,male_first,ARLEN,ARLEN,ARLEN
ZACK,0.004,male_first,ZACK,ZACK,ZACK
WARNER,0.004,male_first,WARNER,WARNER,WARNER
MODESTO,0.004,male_first,MODESTO,MODESTO,MODESTO
FRANCESCO,0.004,male_first,FRANCESCO,FRANCESCO,FRANCESCO
MANUAL,0.004,male_first,MANUAL,MANUAL,MANUAL
JAE,0.004,male_first,JAE,JAE,JAE
GAYLORD,0.004,male_first,GAYLORD,GAYLORD,GAYLORD
GASTON,0.004,male_first,GASTON,GASTON,GASTON
FILIBERTO,0.004,male_first,FILIBERTO,FILIBERTO,FILIBERTO
DEANGELO,0.004,male_first,DEANGELO,DEANGELO,DEANGELO
MICHALE,0.004,male_first,MICHALE,MICHALE,MICHALE
GRANVILLE,0.004,male_first,GRANVILLE,GRANVILLE,GRANVILLE
WES,0.004,male_first,WES,WES,WES
MALIK,0.004,male_first,MALIK,MALIK,MALIK
ZACKARY,0.004,male_first,ZACKARY,ZACKARY,ZACKARY
TUAN,0.004,male_first,TUAN,TUAN,TUAN
NICKY,0.004,male_first,NICKY,NICKY,NICKY
ELDRIDGE,0.004,male_first,ELDRIDGE,ELDRIDGE,ELDRIDGE
CRISTOPHER,0.004,male_first,CRISTOPHER,CRISTOPHER,CRISTOPHER
CORTEZ,0.004,male_first,CORTEZ,CORTEZ,CORTEZ
ANTIONE,0.004,male_first,ANTIONE,ANTIONE,ANTIONE
MALCOM,0.004,male_first,MALCOM,MALCOM,MALCOM
LONG,0.004,male_first,LONG,LONG,LONG
KOREY,0.004,male_first,KOREY,KOREY,KOREY
JOSPEH,0.004,male_first,JOSPEH,JOSPEH,JOSPEH
COLTON,0.004,male_first,COLTON,COLTON,COLTON
WAYLON,0.004,male_first,WAYLON,WAYLON,WAYLON
VON,0.004,male_first,VON,VON,VON
HOSEA,0.004,male_first,HOSEA,HOSEA,HOSEA
SHAD,0.004,male_first,SHAD,SHAD,SHAD
SANTO,0.004,male_first,SANTO,SANTO,SANTO
RUDOLF,0.004,male_first,RUDOLF,RUDOLF,RUDOLF
ROLF,0.004,male_first,ROLF,ROLF,ROLF
REY,0.004,male_first,REY,REY,REY
RENALDO,0.004,male_first,RENALDO,RENALDO,RENALDO
MARCELLUS,0.004,male_first,MARCELLUS,MARCELLUS,MARCELLUS
LUCIUS,0.004,male_first,LUCIUS,LUCIUS,LUCIUS
LESLEY,0.004,male_first,LESLEY,LESLEY,LESLEY
KRISTOFER,0.004,male_first,KRISTOFER,KRISTOFER,KRISTOFER
BOYCE,0.004,male_first,BOYCE,BOYCE,BOYCE
BENTON,0.004,male_first,BENTON,BENTON,BENTON
MAN,0.004,male_first,MAN,MAN,MAN
KASEY,0.004,male_first,KASEY,KASEY,KASEY
JEWELL,0.004,male_first,JEWELL,JEWELL,JEWELL
HAYDEN,0.004,male_first,HAYDEN,HAYDEN,HAYDEN
HARLAND,0.004,male_first,HARLAND,HARLAND,HARLAND
ARNOLDO,0.004,male_first,ARNOLDO,ARNOLDO,ARNOLDO
RUEBEN,0.004,male_first,RUEBEN,RUEBEN,RUEBEN
LEANDRO,0.004,male_first,LEANDRO,LEANDRO,LEANDRO
KRAIG,0.004,male_first,KRAIG,KRAIG,KRAIG
JERRELL,0.004,male_first,JERRELL,JERRELL,JERRELL
JEROMY,0.004,male_first,JEROMY,JEROMY,JEROMY
HOBERT,0.004,male_first,HOBERT,HOBERT,HOBERT
CEDRICK,0.004,male_first,CEDRICK,CEDRICK,CEDRICK
ARLIE,0.004,male_first,ARLIE,ARLIE,ARLIE
WINFORD,0.004,male_first,WINFORD,WINFORD,WINFORD
WALLY,0.004,male_first,WALLY,WALLY,WALLY
PATRICIA,0.004,male_first,PATRICIA,PATRICIA,PATRICIA
LUIGI,0.004,male_first,LUIGI,LUIGI,LUIGI
KENETH,0.004,male_first,KENETH,KENETH,KENETH
JACINTO,0.004,male_first,JACINTO,JACINTO,JACINTO
GRAIG,0.004,male_first,GRAIG,GRAIG,GRAIG
FRANKLYN,0.004,male_first,FRANKLYN,FRANKLYN,FRANKLYN
EDMUNDO,0.004,male_first,EDMUNDO,EDMUNDO,EDMUNDO
SID,0.004,male_first,SID,SID,SID
PORTER,0.004,male_first,PORTER,PORTER,PORTER
LEIF,0.004,male_first,LEIF,LEIF,LEIF
LAUREN,0.004,male_first,LAUREN,LAUREN,LAUREN
JERAMY,0.004,male_first,JERAMY,JERAMY,JERAMY
ELISHA,0.004,male_first,ELISHA,ELISHA,ELISHA
BUCK,0.004,male_first,BUCK,BUCK,BUCK
WILLIAN,0.004,male_first,WILLIAN,WILLIAN,WILLIAN
VINCENZO,0.004,male_first,VINCENZO,VINCENZO,VINCENZO
SHON,0.004,male_first,SHON,SHON,SHON
MICHAL,0.004,male_first,MICHAL,MICHAL,MICHAL
LYNWOOD,0.004,male_first,LYNWOOD,LYNWOOD,LYNWOOD
LINDSAY,0.004,male_first,LINDSAY,LINDSAY,LINDSAY
JEWEL,0.004,male_first,JEWEL,JEWEL,JEWEL
JERE,0.004,male_first,JERE,JERE,JERE
HAI,0.004,male_first,HAI,HAI,HAI
ELDEN,0.004,male_first,ELDEN,ELDEN,ELDEN
DORSEY,0.004,male_first,DORSEY,DORSEY,DORSEY
DARELL,0.004,male_first,DARELL,DARELL,DARELL
BRODERICK,0.004,male_first,BRODERICK,BRODERICK,BRODERICK
ALONSO,0.004,male_first,ALONSO,ALONSO,ALONSO